iter	MAPE
0	0.9927712559
1	0.987098495
2	0.9818588549
3	0.9733809547
4	0.9718630003
5	0.9663076742
6	0.9623321735
7	0.9588311056
8	0.9545901958
9	0.9523786156
